CREATE DATABASE [MachineManagementDB] COLLATE Chinese_PRC_CS_AS_KS_WS
GO

USE [MachineManagementDB]
GO

CREATE TABLE [dbo].[tblUser](
    [ID] [int] IDENTITY(1,1) NOT NULL,
    [IsAdmin] [bit] NOT NULL,
    [LoginID] [varchar](50) NOT NULL,
    [LoginPwd] [varchar](50) NOT NULL,
    [Name] [NVarChar](20) NOT NULL,
    [Email] [varchar](50) NULL,
    [CreatedDate] [datetime] NOT NULL DEFAULT(GETDATE()),
    CONSTRAINT PK_tblUser PRIMARY KEY ([ID]),
    CONSTRAINT [IX_tblUser] UNIQUE NONCLUSTERED ([LoginID])
)
GO

--add default Admin user
INSERT INTO [tblUser] VALUES(1,'admin','','admin',null, GETDATE())
Go


CREATE TABLE [dbo].[jctServerType](
    [ID] [int] NOT NULL,
    [Description] [NVarChar](20) NOT NULL,
    CONSTRAINT PK_jctServerType PRIMARY KEY ([ID]),
)
GO
INSERT INTO [jctServerType] VALUES(1,'Hype-v')
INSERT INTO [jctServerType] VALUES(2,'MGMTSVR')
INSERT INTO [jctServerType] VALUES(3,'Other')
GO

CREATE TABLE [dbo].[lkpServer](
    [ID] [int] NOT NULL,
    [TypeID] [int] NOT NULL,
    [Description] [NVarChar](50) NOT NULL,
    CONSTRAINT PK_lkpServer PRIMARY KEY ([ID]),
)
GO
INSERT INTO [lkpServer] VALUES(1, 1,'Oshv-01')
INSERT INTO [lkpServer] VALUES(2, 1,'Oshv-02')
INSERT INTO [lkpServer] VALUES(3, 1,'Oshv-03')
INSERT INTO [lkpServer] VALUES(4, 1,'Oshv-04')
INSERT INTO [lkpServer] VALUES(5, 1,'Oshv-05')
INSERT INTO [lkpServer] VALUES(6, 1,'Oshv-06')

INSERT INTO [lkpServer] VALUES(7, 2,'OS-MGMTSVR-01A')
INSERT INTO [lkpServer] VALUES(8, 2,'OS-MGMTSVR-02A')
INSERT INTO [lkpServer] VALUES(9, 2,'OS-MGMTSVR-03A')
INSERT INTO [lkpServer] VALUES(10,2,'OS-MGMTSVR-04A')
INSERT INTO [lkpServer] VALUES(11,2,'OS-MGMTSVR-05A')
INSERT INTO [lkpServer] VALUES(12,2,'OS-MGMTSVR-06A')
INSERT INTO [lkpServer] VALUES(13,2,'OS-MGMTSVR-07A')
INSERT INTO [lkpServer] VALUES(14,2,'OS-MGMTSVR-01')
INSERT INTO [lkpServer] VALUES(15,2,'OS-MGMTSVR-02')
INSERT INTO [lkpServer] VALUES(16,2,'OS-MGMTSVR-03')
INSERT INTO [lkpServer] VALUES(17,2,'OS-MGMTSVR-04')
INSERT INTO [lkpServer] VALUES(18,2,'OS-MGMTSVR-05')
INSERT INTO [lkpServer] VALUES(19,2,'OS-MGMTSVR-06')
INSERT INTO [lkpServer] VALUES(21,2,'OS-MGMTSVR-07')
INSERT INTO [lkpServer] VALUES(22,2,'OS-MGMTSVR-08')
INSERT INTO [lkpServer] VALUES(23,2,'OS-MGMTSVR-09')
INSERT INTO [lkpServer] VALUES(24,2,'OS-MGMTSVR-10')
INSERT INTO [lkpServer] VALUES(25,2,'OS-MGMTSVR-11')
INSERT INTO [lkpServer] VALUES(26,2,'OS-MGMTSVR-12')
INSERT INTO [lkpServer] VALUES(27,2,'OS-MGMTSVR-13')
INSERT INTO [lkpServer] VALUES(28,2,'OS-MGMTSVR-14')
INSERT INTO [lkpServer] VALUES(29,2,'OS-MGMTSVR-15')
INSERT INTO [lkpServer] VALUES(30,2,'OS-MGMTSVR-16')
INSERT INTO [lkpServer] VALUES(31,2,'OS-MGMTSVR-17')
INSERT INTO [lkpServer] VALUES(32,2,'OS-MGMTSVR-18')
INSERT INTO [lkpServer] VALUES(33,2,'OS-MGMTSVR-19')

INSERT INTO [lkpServer] VALUES(34,3,'Osinfsp-sol11-01')
INSERT INTO [lkpServer] VALUES(35,3,'Osinfsp-sol11-02')
GO

CREATE TABLE [dbo].[jctOSType](
    [ID] [int] NOT NULL,
    [Description] [NVarChar](20) NOT NULL,
    CONSTRAINT PK_jctOSType PRIMARY KEY ([ID]),
)
GO
INSERT INTO [jctOSType] VALUES(1,'Linux')
INSERT INTO [jctOSType] VALUES(2,'Unix')
GO

CREATE TABLE [dbo].[lkpOS](
    [ID] [int] NOT NULL,
    [TypeID] [int] NOT NULL,
    [Description] [NVarChar](50) NOT NULL,
    CONSTRAINT PK_lkpOS PRIMARY KEY ([ID]),
)
GO
INSERT INTO [lkpOS] VALUES(10,1,'CentOS5x64')
INSERT INTO [lkpOS] VALUES(11,1,'CentOS5x86')
INSERT INTO [lkpOS] VALUES(12,1,'CentOS6x64')
INSERT INTO [lkpOS] VALUES(13,1,'CentOS6x86')
INSERT INTO [lkpOS] VALUES(14,1,'CentOS7x64')

INSERT INTO [lkpOS] VALUES(20,1,'Debian5x64')
INSERT INTO [lkpOS] VALUES(21,1,'Debian5x86')
INSERT INTO [lkpOS] VALUES(22,1,'Debian6x64')
INSERT INTO [lkpOS] VALUES(23,1,'Debian6x86')
INSERT INTO [lkpOS] VALUES(24,1,'Debian7x64')
INSERT INTO [lkpOS] VALUES(25,1,'Debian7x86')
INSERT INTO [lkpOS] VALUES(26,1,'Debian8x64')
INSERT INTO [lkpOS] VALUES(27,1,'Debian8x86')
INSERT INTO [lkpOS] VALUES(28,1,'Debian9x64')

INSERT INTO [lkpOS] VALUES(30,1,'openSuse15x64')

INSERT INTO [lkpOS] VALUES(40,1,'Oracle5x64')
INSERT INTO [lkpOS] VALUES(41,1,'Oracle5x86')
INSERT INTO [lkpOS] VALUES(42,1,'Oracle6x64')
INSERT INTO [lkpOS] VALUES(43,1,'Oracle6x86')
INSERT INTO [lkpOS] VALUES(44,1,'Oracle7x64')
INSERT INTO [lkpOS] VALUES(45,1,'Rhel5x64')

INSERT INTO [lkpOS] VALUES(50,1,'Rhel5x86')
INSERT INTO [lkpOS] VALUES(51,1,'Rhel6x64')
INSERT INTO [lkpOS] VALUES(52,1,'Rhel6x86')
INSERT INTO [lkpOS] VALUES(53,1,'Rhel74x64')
INSERT INTO [lkpOS] VALUES(54,1,'Rhel7x64')

INSERT INTO [lkpOS] VALUES(60,1,'Suse10x64')
INSERT INTO [lkpOS] VALUES(61,1,'Suse10x86')
INSERT INTO [lkpOS] VALUES(62,1,'Suse11x64')
INSERT INTO [lkpOS] VALUES(63,1,'Suse11x86')
INSERT INTO [lkpOS] VALUES(64,1,'Suse12x64')
INSERT INTO [lkpOS] VALUES(65,1,'Suse15x64')
INSERT INTO [lkpOS] VALUES(66,1,'Suse9x86')

INSERT INTO [lkpOS] VALUES(70,1,'Ubuntu10x64')
INSERT INTO [lkpOS] VALUES(71,1,'Ubuntu10x86')
INSERT INTO [lkpOS] VALUES(72,1,'Ubuntu12x64')
INSERT INTO [lkpOS] VALUES(73,1,'Ubuntu12x86')
INSERT INTO [lkpOS] VALUES(74,1,'Ubuntu14x64')
INSERT INTO [lkpOS] VALUES(75,1,'Ubuntu14x86')
INSERT INTO [lkpOS] VALUES(76,1,'Ubuntu16x64')
INSERT INTO [lkpOS] VALUES(77,1,'Ubuntu16x86')
INSERT INTO [lkpOS] VALUES(78,1,'Ubuntu18x64')

INSERT INTO [lkpOS] VALUES(100,2,'Aix61')
INSERT INTO [lkpOS] VALUES(101,2,'Aix71')
INSERT INTO [lkpOS] VALUES(102,2,'Aix53')
INSERT INTO [lkpOS] VALUES(103,2,'Aix72')

INSERT INTO [lkpOS] VALUES(110,2,'HPUX')

INSERT INTO [lkpOS] VALUES(120,2,'Solaris10Sparc')
INSERT INTO [lkpOS] VALUES(121,2,'Solaris11Sparc')
INSERT INTO [lkpOS] VALUES(122,2,'Solaris10x86')
INSERT INTO [lkpOS] VALUES(123,2,'Solaris11x86')

INSERT INTO [lkpOS] VALUES(130,2,'Rhel71PPC')
INSERT INTO [lkpOS] VALUES(131,2,'Rhel73PPC')
INSERT INTO [lkpOS] VALUES(132,2,'Rhel7PPC')
INSERT INTO [lkpOS] VALUES(133,2,'Suse12PPC')
GO

CREATE TABLE [dbo].[lkpStatus](
    [ID] [int] NOT NULL,
    [Description] [NVarChar](50) NOT NULL,
    CONSTRAINT PK_lkpStatus PRIMARY KEY ([ID]),
)
GO
INSERT INTO [lkpStatus] VALUES(1,'active')
INSERT INTO [lkpStatus] VALUES(2,'using')
INSERT INTO [lkpStatus] VALUES(99,'lost')
GO

CREATE TABLE [dbo].[tblMachine](
    [ID] [int] IDENTITY(1,1) NOT NULL,
    [OSID] [int] NOT NULL,
    [ServerID] [int] NOT NULL,
    [Name] [NVarChar](50) NOT NULL,
    [IP] [varchar](50) NOT NULL, -- If ip is lost, please enter 0
    [Status] [NVarChar](50) NOT NULL,
    [UserID] [int] NULL,
    [LastUpdateTime] [datetime] NULL,
    [Comments] [NVarChar](500) NULL,
    CONSTRAINT PK_tblMachine PRIMARY KEY ([ID]),
)
GO

